"Address","Postal.Code","Location"
"Alfons-Müller-Platz ","50389","Wesseling"
"Hauptstr. 10B","66459","Kirkel"
"Edisonstr. 36","04435","Schkeuditz"
"Kutterstr. 3 / 26386 Wilhelmshaven-Rüstersiel","26386","Wilhelmshaven"
"Am neuen Markt 8","66877","Ramstein-Miesenbach"
"Rübenkamp 226","22307","Hamburg"
"Geisenheimer Str. 10","65197","Wiesbaden"
"Rathausplatz 1","30823","Garbsen"
"Weilimdorfer Str. 74 2","70839","Gerlingen"
"Werkstr. 1","24837","Schleswig"
"Auf Den Steinen 20","06507","Gernrode"
"Meldorfer Str. 101","25746","Heide"
"Schleswag-HeinGas-Platz 1","25451","Quickborn"
"Stuckenacker 3","58708","Menden"
"GOTTLIEB-DUNKEL-STR. 20-22 / 12099 BERLIN-TEMPELHOF","12099","BERLIN"
"Duisburger Str. 78","45479","Mülheim"
"Nordstr. 1","09648","Altmittweida"
"Nymphenburger Str. 39","80335","München"
"Raiffeisenstr. 8","59757","Arnsberg"
"Theodor-Heuss-Allee 20","28215","Bremen"
"Speyerer Schlag 8","67547","Worms"
"Gewerbegebiet Nord 1","04655","Kohren-Sahlis"
"Ferdinand-Brune-Haus ","32754","Detmold"
"Alt Bartelsdorfer Str. 18","18146","Rostock"
"Kaiser-Karl-V.-Allee 3","93077","Bad Abbach"
"Bungertstr. 27","47053","Duisburg"
"Hansastr. 6","59821","Arnsberg"
"NETTELBECKSTR. 7-15 / 40477 DÜSSELDORF-PEMPELFORT","40477","DÜSSELDORF"
"Kalver Str. 5","58515","Lüdenscheid"
"MAX-STROMEYER-STR. 21-29 / 78467 KONSTANZ-INDUSTRIEGEBIET","78467","Konstanz"
"Arminiusstr. 1C","07548","Gera"
"Volkmarser Str. 3","34479","Breuna"
"Ablaßwiesen 8","78333","Stockach"
"Rathausplatz 1","09212","Limbach-Oberfrohna"
"Weierstr. 54","53894","Mechernich"
"Dieselstr. 21-27","85386","Eching"
"Carl-Neuberg-Str. 1","30625","Hannover"
"Heidbergstr. 101-111","22846","Norderstedt"
"Aachener Str. 300","50933","Köln"
"Etzelstr. 44","74076","Heilbronn"
"Wehmenkamp 8","45131","Essen"
"Domäne 3","32816","Schieder-Schwalenberg"
"Kirschenallee 43E","25474","Hasloh"
"Widdersdorfer Str. 205 / 50825 Köln","50825","Köln"
"Ausspanne 16","98693","Ilmenau"
"Koblenzer Str. 115","56073","Koblenz"
"Hans-Rießer-Str. 7","74076","Heilbronn"
"Mühlenweg 34 / 27383 Scheeßel","27383","Scheeßel"
"Querfurter Str. 8","06217","Merseburg"
"Robert-Bosch-Str. 1 c / 38112 BRAUNSCHWEIG","38112","BRAUNSCHWEIG"
"LESSINGSTR. 46 / 21629 NEU WULMSTORF","21629","NEU WULMSTORF"
"Gerhardyweg 1","26899","Rhede"
"Theodor-Haubach-Str. 12","67433","Neustadt"
"SÜLZBORN 12 / 39128 MAGDEBURG-SÜLZEGRUND","39128","Magdeburg"
"Donaustr. 90","90451","Nürnberg"
"Kölner Str. 76","51702","Bergneustadt"
"Rügenstr. 1","33397","Rietberg"
"Im Gansbruch 3","52441","Linnich"
"Koblenzer Str. 141","56626","Andernach"
"Werkstr. 10","46395","Bocholt"
"Heinrichstr. 17/19","36037","Fulda"
"Faberstr. 6 / 55278 Mommenheim","55278","Mommenheim"
"Königstr. 21","76829","Landau"
"Ratsteich 30","24837","Schleswig"
"Lilienthalstr. 18","41515","Grevenbroich"
"Widdersdorfer Str. 236-240 / 50825 Köln","50825","Köln"
"Benzstr. 10","24148","Kiel"
"Hauptstr. 96","72401","Haigerloch"
"Moosheimer Str. 28","88348","Bad Saulgau"
"Stadtplatz 4","93333","Neustadt"
"Industriestr. 6","83607","Holzkirchen"
"Camphausenweg 8","52511","Geilenkirchen"
"Bahnhofstraße 22","","Mitterteich"
"Am Sportforum 3 / 04105 Leipzig","4105","Leipzig"
"Schweriner Str. 90","23909","Ratzeburg"
"Caroline-Michaelis-Str. 5-11","10115","Berlin"
"Sternbuschweg 132","47057","Duisburg"
"Rheinstraße 1","","Dornburg"
"Ferd-Porsche-Str 37-39","60386","Frankfurt"
"Von-Ardenne-Str. 8","48703","Stadtlohn"
"Esmarchstr. 50","25746","Heide"
"Am Laidhölzle 5","79224","Umkirch"
"Friedloser Str. 12","36251","Bad Hersfeld"
"Ludwig-Reichling-Str. 10-12","67059","Ludwigshafen"
"Fuggerstr. 24","92224","Amberg"
"Hildesheimer Str. 52","38640","Goslar"
"Neuer Weg NORD 47","69412","Eberbach"
"Hauptstr. 61","31008","Elze"
"Deichmannweg 9","45359","Essen"
"Knäppenstr. 26-30","33129","Delbrück"
"Hans-Böckler-Str. 80","45127","Essen"
"Herringhauser Str. 2","49163","Bohmte"
"Schloßstr. 13","04425","Taucha"
"Moraltpark 1G","83646","Bad Tölz"
"Herner Str. 21","45699","Herten"
"Zentralgebäude Terminal 1"," Ebene 04",""
"Walkmühlenweg 12","35745","Herborn"
"Würzburger Str. 5","97688","Bad Kissingen"
"Kanalstraße Süd 54","26629","Großefehn"
"Kreisbahnstr. 7","16727","Velten"
"Leverkusenstr. 29","22761","Hamburg"
"Am Markt 15","26506","Norden"
"Nürnberger Str.","97076","Würzburg"
"Franz-Kreuter-Str. 10","50823","Köln"
"Herrenberger Str. 10","72202","Nagold"
"Dieselstr. 7","","Bad Camberg"
"Ubierstr. 9","26723","Emden"
"Allee der Kosmonauten 28","12681","Berlin"
"Landshuter Str. 65","84030","Ergolding"
"FALDERBAUMSTR. 33 / 34123 KASSEL-WALDAU","34123","KASSEL"
"Marktplatz 4-6","56751","Polch"
"Emser Str. 20","12051","Berlin"
"Hauptstr. ","26452","Sande"
"Reuterstr. 16","18211","Admannshagen-Bargeshagen"
"Am Ring 118","","Bernkastel-Kues"
"Am Deisterbahnhof 6","31848","Bad Münder"
"Märkische Str. 18","42281","Wuppertal"
"Heinrich-Lemberg-Str. 29","45472","Mülheim"
"An der Zuckerfabrik 1","41516","Grevenbroich"
"Regensburger Str. 37","94036","Passau"
"Porscheplatz 1","70435","Stuttgart"
"Rudolf-Schmidt-Str. 7","91550","Dinkelsbühl"
"An der alten Ziegelei 36b / 48143 Münster","48143","Münster"
"Otto-Hahn-Str. 24","33104","Paderborn"
"Brahestr. 17","04347","Leipzig"
"Siemensring 12","53925","Kall"
"Hoher Weg 1-3","59494","Soest"
"Memminger Str. 140","87439","Kempten"
"Hannoversche Str. 111","49084","Osnabrück"
"Carnotstr. 7","39120","Magdeburg"
"Bürgerstr. 5","73525","Schwäbisch Gmünd"
"Schützenstr. 34","42281","Wuppertal"
"Werdohler Str. ","17153","Stavenhagen"
"Dr. Rudolf-Leiding-Platz 1 / 34225 Baunatal","34225","Baunatal"
"Trettachstr. 4","87719","Mindelheim"
"Purfinger Str. 7","85646","Neufarn"
"Limbacher Str. 61A","91126","Schwabach"
"Robert-Bosch-Str. 15","65520","Bad Camberg"
"Marktplatz 16","71032","Böblingen"
"Großhauserstr. 11","","Heretsried-Lauterbrunn"
"Röntgenstraße 37 / 48432 Rheine","48432","Rheine"
"Zeppelin-Str. 32","84544","Aschau"
"Siemensstr. 10","34466","Wolfhagen"
"Kurt-Schumacher-Str. 14","91052","Erlangen"
"Mündelheimer Weg 40","40472","Düsseldorf"
"Rastatter Str. 14 16","76461","Muggensturm"
"Weststr. 8","02708","Löbau"
"Rostocker Chaussee 6-8","18437","Stralsund"
"Gottlieb-Daimler-Str. 5","35398","Gießen"
"Daimlerstr. 14","72793","Pfullingen"
"Kölner Str. 296","51702","Bergneustadt"
"Hauptstr. 16","48485","Neuenkirchen"
"Robert-Bosch-Str. 11","74523","Schwäbisch Hall"
"Oberer Marktplatz 21","","Auerbach"
"Wilhelmstr. 12","","Kaiserslautern"
"Am Christnersee 4","63796","Kahl"
"Waldenbucher Str. 30","72631","Aichtal"
"Hindenburgstr. 110","26757","Borkum"
"Industriegebiet ","56242","Selters"
"Gottlieb-Daimler-Str. 10-22","50226","Frechen"
"Petersstr. 84","26382","WILHELMSHAVEN"
"Glashüttenstr. 44","15890","Eisenhüttenstadt"
"Dr.-Walter-Zoth-Allee 1","56479","Westernohe"
"Röntgenstr. 17","73730","Esslingen"
"Nassauerallee 15-23","47533","Kleve"
"Bahnhofstr. 5","26506","Norden"
"Mathildenstr. 29 1","71638","Ludwigsburg"
"Rheinstr. 8","14513","Teltow"
"Stollwerckstr. 23","51149","Köln"
"Boostedter Str. 301","24539","Neumünster"
"Westrickweg 1","59302","Oelde"
"Krüner Straße 117","","München"
"Ratsteich 8","24837","Schleswig"
"An der Vogelstange 2A","52428","Jülich"
"Zentnerstr. 17","80798","München"
"Am Markt 1","49685","Emstek"
"Unterkotzauer Weg 25","95028","Hof"
"Max-Stromeyer-Str. 21-29","78467","Konstanz"
"Felix-Wankel-Str. 6","88339","Bad Waldsee"
"Friedländer Landstr. 17","17389","Anklam"
"Bramfelder Chaussee 130","22177","Hamburg"
"Sevelter Str. 8","49661","Cloppenburg"
"De-Gasperi-Str. 4","51469","Bergisch Gladbach"
"NEEFESTR. 86C / 09116 CHEMNITZ-KAPPEL","9116","Chemnitz"
"Hauptstr. 28","71154","Nufringen"
"Röntgenstr. 20","63225","Langen"
"Fürstenrieder Str. 279","81377","München"
"Einsteinstr. 5","79108","Freiburg"
"ZWEIFALLER STR. 275-287 / 52224 STOLBERG (RHLD.)-VICHT","52224","STOLBERG (RHLD.)"
"Hauptstr. 2","31020","Salzhemmendorf"
"Truchtelfinger Str. 1","72475","Bitz"
"Susannenstr. 26-28","20357","Hamburg"
"Annastr. 16","86150","Augsburg"
"Siemensstr. 21","59199","Bönen"
"Münchner Str. 32","82256","Fürstenfeldbruck"
"Am Wasserschloß 2","02977","Hoyerswerda"
"LAMBERGSTR. 33 / 83278 TRAUNSTEIN-HASLACH","83278","TRAUNSTEIN"
"Bismarckstr. 33","35279","Neustadt"
"Obere Bahnstr. 11","08393","Meerane"
" ","77613","Offenburg"
"Krähenweg 19","22459","Hamburg"
"Poststr. 4","59174","Kamen"
"Dammweg 13","64807","Dieburg"
"Wege 5","06667","Weißenfels"
"Bötzseestr. 118A","15345","Eggersdorf"
"Langenhagener Str. 1","30827","Garbsen"
"Ziegelkamp 8","21614","Buxtehude"
"Spitalhofstr. 99","94032","Passau"
"Nienborger Damm 32","48607","Ochtrup"
"Bürgermeister-Hippen-Platz 1","26603","Aurich"
"Innstr. 76","94032","Passau"
"Mönckebergstr. 25","20095","Hamburg"
"Frankfurter Str. 24","64521","Groß-Gerau"
"In den Käppeleswiesen 7","72488","Sigmaringen"
"De-Gasperi-Str. 18","52146","Würselen"
"Lötsch 5A","41334","Nettetal"
"Hansestr. 46 / 38112 Braunschweig","38112","Braunschweig"
"Bahnhof 1","32825","Blomberg"
"Friedrichstr. 12","55232","Alzey"
"Kisdorfer Weg 36-38","24568","Kaltenkirchen"
"Geraer Str. 74","07646","Stadtroda"
"Rathausstr. 48","56203","Höhr-Grenzhausen"
